Request Item IDs,1,2,3,4,5,6,7,8,9,10
Request Item Amouts 1,1,,,,,,,,,
Request Item Amouts 2,2,2,,,,,,,,
Request Item Amouts 3,3,3,3,,,,,,,
Request Item Amouts 4,4,4,4,4,,,,,,
Request Item Amouts 5,5,5,5,5,5,,,,,
Request Item Amouts 6,6,6,6,6,6,,,,,
Request Item Amouts 7,7,7,7,7,7,7,,,,
Request Item Amouts 8,8,8,8,8,8,8,8,,,
Request Item Amouts 9,9,9,9,9,9,9,9,9,,
Request Item Amouts 10,10,10,10,10,10,10,10,10,10,
Request Item Amouts 11,11,11,11,11,11,11,11,11,11,11
Request Item Amouts 12,12,12,12,12,12,12,12,12,12,12
Request Item Amouts 13,13,13,13,13,13,13,13,13,13,13
Request Item Amouts 14,14,14,14,14,14,14,14,14,14,14
Request Item Amouts 15,15,15,15,15,15,15,15,15,15,15
Request Item Amouts 16,16,16,16,16,16,16,16,16,16,16
Request Item Amouts 17,17,17,17,17,17,17,17,17,17,17
Request Item Amouts 18,18,18,18,18,18,18,18,18,18,18
Request Item Amouts 19,19,19,19,19,19,19,19,19,19,19
Request Item Amouts 20,20,20,20,20,20,20,20,20,20,20
Request Item Amouts 21,21,21,21,21,21,21,21,21,21,21
Request Item Amouts 22,22,22,22,22,22,22,22,22,22,22
Request Item Amouts 23,23,23,23,23,23,23,23,23,23,23
Request Item Amouts 24,24,24,24,24,24,24,24,24,24,24
Request Item Amouts 25,25,25,25,25,25,25,25,25,25,25
Request Item Amouts 26,26,26,26,26,26,26,26,26,26,26
Request Item Amouts 27,27,27,27,27,27,27,27,27,27,27
Request Item Amouts 28,28,28,28,28,28,28,28,28,28,28
Request Item Amouts 29,29,29,29,29,29,29,29,29,29,29
Request Item Amouts 30,30,30,30,30,30,30,30,30,30,30
